{"cameraMode":{"drawMode":0,"name":"Shaded","section":"Shading Mode"},"sceneLighting":true,"audioPlay":false,"sceneViewState":{"showFog":true,"showMaterialUpdate":false,"showSkybox":true,"showFlares":true,"showImageEffects":true,"showParticleSystems":true},"in2DMode":false,"pivot":{"x":-4.8939337730407719,"y":-3.011155843734741,"z":-1.8411130905151368},"rotation":{"x":-0.12356895208358765,"y":0.1931162327528,"z":-0.024517908692359926,"w":-0.9730813503265381},"size":11.886211395263672,"orthographic":false}