{"cameraMode":{"drawMode":0,"name":"Shaded","section":"Shading Mode"},"sceneLighting":true,"audioPlay":false,"sceneViewState":{"showFog":true,"showMaterialUpdate":false,"showSkybox":true,"showFlares":true,"showImageEffects":true,"showParticleSystems":true},"in2DMode":false,"pivot":{"x":-12.99071216583252,"y":3.4686672687530519,"z":-11.275882720947266},"rotation":{"x":0.0019448165548965335,"y":0.6888710260391235,"z":0.0018583780620247126,"w":-0.7249118089675903},"size":11.046491622924805,"orthographic":false}